,geoid,perim (b),w_perim (b),area (b),w_area (b),a/p^2 (b) 0.5,w_a/p^2 (b) 0.5,rank_a/p^2 (b) 0.5,rank_w_a/p^2 (b) 0.5,a/p^2 (b) 0.1,w_a/p^2 (b) 0.1,rank_a/p^2 (b) 0.1,rank_w_a/p^2 (b) 0.1
0,0102,919,23024,34490,682820,0.04083778436371085,0.0012880854663665457,231.0,264.0,0.04083778436371085,0.0012880854663665457,231.0,264.0
1,0105,629,10598,32943,682819,0.08326487901911075,0.006079358672928956,352.0,378.0,0.08326487901911075,0.006079358672928956,352.0,378.0
2,0101,698,10134,35370,682820,0.07259792612540127,0.00664881782067795,327.0,382.0,0.07259792612540127,0.00664881782067795,327.0,382.0
3,0107,1587,39601,38237,682820,0.015182033924820006,0.0004354055169419273,51.0,135.0,0.015182033924820006,0.0004354055169419273,51.0,135.0
4,0106,1336,33529,29709,682819,0.016644667252321704,0.0006073854660087931,60.0,173.0,0.016644667252321704,0.0006073854660087931,60.0,173.0
5,0103,907,22465,38023,682819,0.04622019840782642,0.0013529842821504024,253.0,269.0,0.04622019840782642,0.0013529842821504024,253.0,269.0
6,0104,1147,19373,43494,682819,0.033059974506103255,0.0018193315054534104,182.0,296.0,0.033059974506103255,0.0018193315054534104,182.0,296.0
7,0200,472,271,45292,710231,0.20330005745475438,9.670769733527594,422.0,436.0,0.20330005745475438,9.670769733527594,422.0,436.0
8,0401,1260,14645,90570,710224,0.057048374905517764,0.003311437723633679,294.0,342.0,0.057048374905517764,0.003311437723633679,294.0,342.0
9,0406,464,24747,13139,710224,0.06102760850178359,0.0011597122037748813,302.0,255.0,0.06102760850178359,0.0011597122037748813,302.0,255.0
10,0407,401,32244,10134,710224,0.06302199613186485,0.000683120815492575,307.0,184.0,0.06302199613186485,0.000683120815492575,307.0,184.0
11,0403,905,32519,24073,710224,0.029392265193370164,0.0006716159165819412,154.0,183.0,0.029392265193370164,0.0006716159165819412,154.0,183.0
12,0408,515,24152,13061,710225,0.049244980676783866,0.001217558271501425,266.0,260.0,0.049244980676783866,0.001217558271501425,266.0,260.0
13,0404,1436,16707,48774,710224,0.0236526330490918,0.0025444762335589603,108.0,321.0,0.0236526330490918,0.0025444762335589603,108.0,321.0
14,0409,603,55135,10023,710224,0.027565324290652872,0.0002336364432376012,138.0,65.0,0.027565324290652872,0.0002336364432376012,138.0,65.0
15,0405,343,20879,13326,710224,0.11326913105933752,0.0016292058295308976,391.0,286.0,0.11326913105933752,0.0016292058295308976,391.0,286.0
16,0402,466,23812,18566,710224,0.08549614102304334,0.0012525745869380702,357.0,261.0,0.08549614102304334,0.0012525745869380702,357.0,261.0
17,0501,1214,11372,61842,728765,0.041961031241772945,0.005635258007616067,235.0,373.0,0.041961031241772945,0.005635258007616067,235.0,373.0
18,0504,1407,14486,66769,729002,0.03372769617240228,0.0034740155500893625,189.0,348.0,0.03372769617240228,0.0034740155500893625,189.0,348.0
19,0503,966,16366,29726,728959,0.03185533822854914,0.002721560597315869,171.0,325.0,0.03185533822854914,0.002721560597315869,171.0,325.0
20,0502,599,11831,27874,729192,0.07768651703869275,0.005209535317425534,339.0,370.0,0.07768651703869275,0.005209535317425534,339.0,370.0
21,0641,381,29543,7613,702904,0.052445216001543116,0.0008053540106583098,275.0,200.0,0.052445216001543116,0.0008053540106583098,275.0,200.0
22,0634,411,33485,5196,702904,0.03075994103752642,0.0006268958692778379,161.0,174.0,0.03075994103752642,0.0006268958692778379,161.0,174.0
23,0650,747,61960,13137,702905,0.023542631032832804,0.00018309387426278476,107.0,51.0,0.023542631032832804,0.00018309387426278476,107.0,51.0
24,0647,543,50917,8136,702905,0.02759378529348921,0.0002711259070136116,139.0,81.0,0.02759378529348921,0.0002711259070136116,139.0,81.0
25,0638,572,51450,8436,702905,0.025783656902538022,0.0002655375075200148,125.0,80.0,0.025783656902538022,0.0002655375075200148,125.0,80.0
26,0616,556,14040,15675,702904,0.050705838207132134,0.0035658395629905603,269.0,350.0,0.050705838207132134,0.0035658395629905603,269.0,350.0
27,0639,608,52240,8256,702905,0.022333795013850414,0.00025756704537193163,94.0,76.0,0.022333795013850414,0.00025756704537193163,94.0,76.0
28,0602,643,7092,32905,702905,0.07958659955641445,0.013975236907310224,343.0,404.0,0.07958659955641445,0.013975236907310224,343.0,404.0
29,0601,1074,7747,56901,702905,0.049330025072043114,0.011711958387636206,267.0,398.0,0.049330025072043114,0.011711958387636206,267.0,398.0
30,0623,1267,23606,33001,702904,0.020557669055229308,0.001261395302068772,79.0,263.0,0.020557669055229308,0.001261395302068772,79.0,263.0
31,0625,584,24470,13693,702904,0.040148831863389,0.0011738918191946336,226.0,257.0,0.040148831863389,0.0011738918191946336,226.0,257.0
32,0644,542,45381,7758,702904,0.026408954126441633,0.00034130911878706144,129.0,103.0,0.026408954126441633,0.00034130911878706144,129.0,103.0
33,0636,394,10497,17411,702905,0.11215826225875442,0.006379200292114291,390.0,379.0,0.11215826225875442,0.006379200292114291,390.0,379.0
34,0635,391,44037,5892,702905,0.038539779305472886,0.00036246091479980345,213.0,112.0,0.038539779305472886,0.00036246091479980345,213.0,112.0
35,0617,396,38229,8748,702904,0.05578512396694215,0.0004809613070089442,289.0,151.0,0.05578512396694215,0.0004809613070089442,289.0,151.0
36,0618,594,35261,11855,702906,0.033599179222074844,0.0005653377694513719,187.0,166.0,0.033599179222074844,0.0005653377694513719,187.0,166.0
37,0606,378,28276,10605,702905,0.07422104644326867,0.0008791453566216452,330.0,213.0,0.07422104644326867,0.0008791453566216452,330.0,213.0
38,0605,599,14984,14834,702905,0.041343251551695784,0.0031306974814780185,233.0,337.0,0.041343251551695784,0.0031306974814780185,233.0,337.0
39,0628,584,44839,7226,702904,0.021187136423343966,0.0003496102669234528,86.0,107.0,0.021187136423343966,0.0003496102669234528,86.0,107.0
40,0645,397,25851,8847,702906,0.05613258126122239,0.0010518227382535152,290.0,242.0,0.05613258126122239,0.0010518227382535152,290.0,242.0
41,0604,728,13453,27526,702906,0.05193741697862577,0.003883818857472021,273.0,358.0,0.05193741697862577,0.003883818857472021,273.0,358.0
42,0653,494,57406,7899,702904,0.03236817518726745,0.0002132953764359399,175.0,60.0,0.03236817518726745,0.0002132953764359399,175.0,60.0
43,0622,590,23286,13630,702905,0.0391554151106004,0.0012963039559123614,218.0,266.0,0.0391554151106004,0.0012963039559123614,218.0,266.0
44,0610,343,10043,12035,702905,0.10229581211910004,0.006968987847922558,381.0,385.0,0.10229581211910004,0.006968987847922558,381.0,385.0
45,0642,611,38358,9984,702906,0.026743740641431906,0.00047773310899194344,133.0,148.0,0.026743740641431906,0.00047773310899194344,133.0,148.0
46,0629,351,28319,4771,702905,0.03872533502163132,0.0008764775682237636,215.0,212.0,0.03872533502163132,0.0008764775682237636,215.0,212.0
47,0619,470,31140,7429,702904,0.03363060208239022,0.0007248677837961364,188.0,190.0,0.03363060208239022,0.0007248677837961364,188.0,190.0
48,0637,448,49987,6368,702904,0.031728316326530615,0.0002813078610713457,168.0,87.0,0.031728316326530615,0.0002813078610713457,168.0,87.0
49,0609,350,15402,13434,702904,0.10966530612244899,0.002963069080335533,388.0,332.0,0.10966530612244899,0.002963069080335533,388.0,332.0
50,0649,479,35670,9993,702906,0.043553680466873836,0.0005524475244172413,240.0,165.0,0.043553680466873836,0.0005524475244172413,240.0,165.0
51,0603,961,13945,24472,702906,0.026498585305585905,0.003614599742033222,130.0,351.0,0.026498585305585905,0.003614599742033222,130.0,351.0
52,0614,356,26302,8375,702905,0.06608224971594495,0.001016059371235537,313.0,236.0,0.06608224971594495,0.001016059371235537,313.0,236.0
53,0615,302,17594,10878,702904,0.11927108460155256,0.002270737015467246,397.0,310.0,0.11927108460155256,0.002270737015467246,397.0,310.0
54,0631,601,62636,8195,702905,0.02268819853765632,0.00017916311379571713,98.0,47.0,0.02268819853765632,0.00017916311379571713,98.0,47.0
55,0627,666,36912,8641,702905,0.019481192904616328,0.0005158951894678359,72.0,157.0,0.019481192904616328,0.0005158951894678359,72.0,157.0
56,0607,320,29479,8552,702904,0.083515625,0.00080885471334088,353.0,201.0,0.083515625,0.00080885471334088,353.0,201.0
57,0613,211,11851,11534,702906,0.2590687540711125,0.00500480607517465,429.0,368.0,0.2590687540711125,0.00500480607517465,429.0,368.0
58,0621,1065,26791,26314,702904,0.023199982366814344,0.0009793054377637514,102.0,229.0,0.023199982366814344,0.0009793054377637514,102.0,229.0
59,0640,531,59375,6122,702904,0.021712222612347096,0.0001993832952908587,90.0,55.0,0.021712222612347096,0.0001993832952908587,90.0,55.0
60,0632,552,41669,8379,702905,0.027498818525519848,0.0004048279380014034,137.0,126.0,0.027498818525519848,0.0004048279380014034,137.0,126.0
61,0608,962,25087,42762,702905,0.04620700982447344,0.001116861120963177,252.0,250.0,0.04620700982447344,0.001116861120963177,252.0,250.0
62,0646,403,32996,6492,702906,0.039973154197119616,0.0006456165587159192,224.0,177.0,0.039973154197119616,0.0006456165587159192,224.0,177.0
63,0620,372,13194,17195,702906,0.12425569429991906,0.004037795233036528,401.0,360.0,0.12425569429991906,0.004037795233036528,401.0,360.0
64,0624,510,5299,22548,702904,0.08668973471741638,0.02503272772805944,359.0,415.0,0.08668973471741638,0.02503272772805944,359.0,415.0
65,0633,701,52909,10339,702904,0.021039843223762265,0.0002510943312949497,84.0,73.0,0.021039843223762265,0.0002510943312949497,84.0,73.0
66,0643,471,46724,7574,702904,0.03414156986310015,0.0003219704275019581,190.0,98.0,0.03414156986310015,0.0003219704275019581,190.0,98.0
67,0648,437,32898,10295,702906,0.05390927323282836,0.0006494687479692147,284.0,179.0,0.05390927323282836,0.0006494687479692147,284.0,179.0
68,0611,403,15790,12279,702906,0.07560541595601229,0.0028192461137932514,334.0,327.0,0.07560541595601229,0.0028192461137932514,334.0,327.0
69,0630,407,47249,6443,702904,0.0388954958979529,0.00031485512880146315,217.0,96.0,0.0388954958979529,0.00031485512880146315,217.0,96.0
70,0652,439,32716,8717,702904,0.045231189128325404,0.0006567130033898419,246.0,180.0,0.045231189128325404,0.0006567130033898419,246.0,180.0
71,0612,172,18379,6140,702905,0.20754461871281774,0.002080907986802276,423.0,303.0,0.20754461871281774,0.002080907986802276,423.0,303.0
72,0626,349,15750,12942,702905,0.10625528526038375,0.0028335802469135803,384.0,328.0,0.10625528526038375,0.0028335802469135803,384.0,328.0
73,0651,630,32427,15763,702906,0.039715293524817334,0.0006684727487826703,222.0,182.0,0.039715293524817334,0.0006684727487826703,222.0,182.0
74,0801,688,66103,12967,718457,0.02739445308274743,0.0001644214375088611,136.0,36.0,0.02739445308274743,0.0001644214375088611,136.0,36.0
75,0804,982,14482,44232,718456,0.04586840107681651,0.003425650795740875,250.0,347.0,0.04586840107681651,0.003425650795740875,250.0,347.0
76,0806,714,42102,11695,718456,0.022940548768527018,0.00040531690918648925,100.0,127.0,0.022940548768527018,0.00040531690918648925,100.0,127.0
77,0802,843,21465,28764,718457,0.04047567786628842,0.0015593334486896772,228.0,283.0,0.04047567786628842,0.0015593334486896772,228.0,283.0
78,0807,610,27276,13839,718456,0.0371916151572158,0.0009656923976963601,209.0,227.0,0.0371916151572158,0.0009656923976963601,209.0,227.0
79,0803,862,4485,61489,718457,0.08275283832451376,0.03571707500164676,349.0,422.0,0.08275283832451376,0.03571707500164676,349.0,422.0
80,0805,318,6335,28076,718457,0.2776393338871089,0.01790224688514031,431.0,407.0,0.2776393338871089,0.01790224688514031,431.0,407.0
81,0904,378,22487,11499,714819,0.08047787016040985,0.0014136211940672543,344.0,275.0,0.08047787016040985,0.0014136211940672543,344.0,275.0
82,0905,779,49274,14157,714820,0.02332901039975875,0.00029441576193369986,104.0,89.0,0.02332901039975875,0.00029441576193369986,104.0,89.0
83,0901,616,39440,11786,714820,0.03106025468038455,0.00045953953729494873,164.0,142.0,0.03106025468038455,0.00045953953729494873,164.0,142.0
84,09ZZ,81,0,91,0,0.013869836915104405,,43.0,,0.013869836915104405,,43.0,
85,0903,489,36708,11509,714819,0.04813044441935255,0.0005304868728382492,262.0,160.0,0.04813044441935255,0.0005304868728382492,262.0,160.0
86,0902,511,19896,18536,714819,0.07098624775487226,0.0018057787709600175,325.0,295.0,0.07098624775487226,0.0018057787709600175,325.0,295.0
87,1000,412,14593,24115,897934,0.14206687717975303,0.004216530550922366,411.0,363.0,0.14206687717975303,0.004216530550922366,411.0,363.0
88,1198,257,22649,6507,601723,0.09851776711229542,0.0011730014488499656,375.0,256.0,0.09851776711229542,0.0011730014488499656,375.0,256.0
89,1204,878,50340,13197,696345,0.017119307184998003,0.0002747881746199739,63.0,83.0,0.017119307184998003,0.0002747881746199739,63.0,83.0
90,1224,409,36790,10523,696345,0.06290612801214722,0.0005144757226815936,305.0,156.0,0.06290612801214722,0.0005144757226815936,305.0,156.0
91,1220,946,80249,11329,696345,0.012659288693016997,0.00010812975102600478,34.0,20.0,0.012659288693016997,0.00010812975102600478,34.0,20.0
92,1213,261,11534,16998,696345,0.24952657770731493,0.005234371798260578,427.0,371.0,0.24952657770731493,0.005234371798260578,427.0,371.0
93,1210,896,61027,21721,696345,0.027056012834821428,0.00018697365559652515,134.0,52.0,0.027056012834821428,0.00018697365559652515,134.0,52.0
94,1202,402,4447,37084,696345,0.2294745179574763,0.03521196022878255,426.0,421.0,0.2294745179574763,0.03521196022878255,426.0,421.0
95,1201,371,3024,27822,696345,0.2021345384006219,0.0761484184723272,421.0,430.0,0.2021345384006219,0.0761484184723272,421.0,430.0
96,1212,358,42004,12817,696344,0.10000468150182579,0.00039467765419124107,378.0,121.0,0.10000468150182579,0.00039467765419124107,378.0,121.0
97,1225,596,37388,11124,696344,0.03131615692986802,0.0004981491227366344,165.0,154.0,0.03131615692986802,0.0004981491227366344,165.0,154.0
98,1211,446,19111,28227,696345,0.14190412033220054,0.0019065914300143772,410.0,299.0,0.14190412033220054,0.0019065914300143772,410.0,299.0
99,1207,475,34606,13177,696345,0.05840221606648199,0.000581462424294819,298.0,170.0,0.05840221606648199,0.000581462424294819,298.0,170.0
100,1222,803,57230,11426,696345,0.017719975992890918,0.00021260671133693928,67.0,59.0,0.017719975992890918,0.00021260671133693928,67.0,59.0
101,1226,464,25006,14308,696345,0.06645734244946493,0.0011136173995038758,315.0,249.0,0.06645734244946493,0.0011136173995038758,315.0,249.0
102,1215,496,38611,12914,696345,0.05249252081165453,0.00046709192798238483,276.0,144.0,0.05249252081165453,0.00046709192798238483,276.0,144.0
103,1206,423,14608,21962,696345,0.12274142257543495,0.0032631943561360847,399.0,341.0,0.12274142257543495,0.0032631943561360847,399.0,341.0
104,1209,471,41609,13284,696345,0.059880725384396934,0.0004022072592833884,301.0,125.0,0.059880725384396934,0.0004022072592833884,301.0,125.0
105,1203,723,28660,32979,696345,0.06309005239808772,0.0008477583761101229,308.0,209.0,0.06309005239808772,0.0008477583761101229,308.0,209.0
106,1217,907,32945,33675,696344,0.04093483368970241,0.0006415711317314156,232.0,175.0,0.04093483368970241,0.0006415711317314156,232.0,175.0
107,1221,311,40337,6793,696345,0.07023293803827504,0.00042797388714757004,323.0,134.0,0.07023293803827504,0.00042797388714757004,323.0,134.0
108,1219,317,16669,20880,696345,0.2077839365502692,0.0025061402316147994,424.0,318.0,0.2077839365502692,0.0025061402316147994,424.0,318.0
109,1216,192,5591,19653,696345,0.5331217447916666,0.022276424080259555,438.0,412.0,0.5331217447916666,0.022276424080259555,438.0,412.0
110,1218,292,31072,18537,696344,0.21740711202852317,0.0007212493278294008,425.0,189.0,0.21740711202852317,0.0007212493278294008,425.0,189.0
111,1227,501,28658,12390,696345,0.04936235313803531,0.000847876707878986,268.0,210.0,0.04936235313803531,0.000847876707878986,268.0,210.0
112,1205,1773,104848,18189,696345,0.005786172165104887,6.334380687711596e-05,6.0,9.0,0.005786172165104887,6.334380687711596e-05,6.0,9.0
113,1208,189,5422,19073,696344,0.5339436185997033,0.023686713732772518,439.0,413.0,0.5339436185997033,0.023686713732772518,439.0,413.0
114,1214,494,47720,15493,696345,0.063486534773558,0.0003057902201231127,310.0,92.0,0.063486534773558,0.0003057902201231127,310.0,92.0
115,1223,345,28853,8906,696345,0.07482461667716866,0.0008364548623102708,332.0,204.0,0.07482461667716866,0.0008364548623102708,332.0,204.0
116,1304,471,59677,8234,691976,0.03711667365365284,0.00019430190851394083,208.0,53.0,0.03711667365365284,0.00019430190851394083,208.0,53.0
117,1305,379,49077,10910,691976,0.07595324454716967,0.0002872995975998324,336.0,88.0,0.07595324454716967,0.0002872995975998324,336.0,88.0
118,1306,418,73120,7241,691975,0.04144250360568668,0.0001294249598394055,234.0,30.0,0.04144250360568668,0.0001294249598394055,234.0,30.0
119,1301,691,8998,36917,691974,0.07731616545998689,0.00854668699438333,338.0,394.0,0.07731616545998689,0.00854668699438333,338.0,394.0
120,1314,697,35848,21770,691974,0.044811849924558826,0.0005384680194753209,242.0,163.0,0.044811849924558826,0.0005384680194753209,242.0,163.0
121,1312,798,14323,34718,691975,0.05451912990496291,0.003373047215997553,287.0,345.0,0.05451912990496291,0.003373047215997553,287.0,345.0
122,1311,630,54187,12677,691975,0.031940035273368604,0.00023566776840980863,172.0,68.0,0.031940035273368604,0.00023566776840980863,172.0,68.0
123,1313,625,63115,9890,691976,0.0253184,0.00017371041540954193,122.0,43.0,0.0253184,0.00017371041540954193,122.0,43.0
124,1302,845,25839,34130,691976,0.0477994467980813,0.0010364291712142884,260.0,241.0,0.0477994467980813,0.0010364291712142884,260.0,241.0
125,1303,814,34531,20258,691974,0.030573682907835242,0.0005803252481425412,159.0,169.0,0.030573682907835242,0.0005803252481425412,159.0,169.0
126,1309,723,22180,28058,691975,0.05367599654888097,0.0014065893366919239,282.0,273.0,0.05367599654888097,0.0014065893366919239,282.0,273.0
127,1308,1084,26281,34108,691976,0.029026701706131454,0.0010018605122588248,146.0,233.0,0.029026701706131454,0.0010018605122588248,146.0,233.0
128,1310,831,54336,25574,691976,0.03703365814171376,0.0002343773845000215,206.0,66.0,0.03703365814171376,0.0002343773845000215,206.0,66.0
129,1307,367,64116,6601,691975,0.049009198969477835,0.000168328465312308,265.0,41.0,0.049009198969477835,0.000168328465312308,265.0,41.0
130,1501,120,27418,5659,680496,0.3929861111111111,0.0009052197745260809,437.0,218.0,0.3929861111111111,0.0009052197745260809,437.0,218.0
131,1502,230,3176,19357,679805,0.3659168241965974,0.06739433106611932,436.0,429.0,0.3659168241965974,0.06739433106611932,436.0,429.0
132,1602,854,9077,81762,783450,0.11210778318314694,0.009508819729175172,389.0,396.0,0.11210778318314694,0.009508819729175172,389.0,396.0
133,1601,1024,10932,68080,784132,0.0649261474609375,0.006561300546812421,312.0,381.0,0.0649261474609375,0.006561300546812421,312.0,381.0
134,1706,1204,76710,14855,712813,0.010247541417865144,0.00012113555853324712,21.0,27.0,0.010247541417865144,0.00012113555853324712,21.0,27.0
135,1709,725,59212,12186,712813,0.023183828775267538,0.00020330878766378912,101.0,57.0,0.023183828775267538,0.00020330878766378912,101.0,57.0
136,1710,744,45618,13676,712813,0.02470661348132732,0.00034253356125200777,117.0,104.0,0.02470661348132732,0.00034253356125200777,117.0,104.0
137,1703,1161,65330,14819,712813,0.010993967747367984,0.0001670130069316397,25.0,39.0,0.010993967747367984,0.0001670130069316397,25.0,39.0
138,1713,1313,27451,36177,712813,0.02098471608248176,0.0009459305940782605,83.0,225.0,0.02098471608248176,0.0009459305940782605,83.0,225.0
139,1712,818,11210,40955,712813,0.061206891398305846,0.005672367844117771,303.0,375.0,0.061206891398305846,0.005672367844117771,303.0,375.0
140,1701,1209,57630,15914,712813,0.010887464501488356,0.0002146240433739814,24.0,61.0,0.010887464501488356,0.0002146240433739814,24.0,61.0
141,17ZZ,93,0,102,0,0.011793270898369753,,29.0,,0.011793270898369753,,29.0,
142,1708,823,70661,11448,712812,0.01690168293399515,0.00014276292706300695,61.0,34.0,0.01690168293399515,0.00014276292706300695,61.0,34.0
143,1707,1229,75623,13805,712812,0.00913971482500806,0.0001246428004991711,14.0,29.0,0.00913971482500806,0.0001246428004991711,14.0,29.0
144,1718,1404,22806,48553,712813,0.02463098919651626,0.0013704947355004551,116.0,271.0,0.02463098919651626,0.0013704947355004551,116.0,271.0
145,1704,1378,65619,11011,712813,0.005798669113015856,0.00016554512505355731,7.0,37.0,0.005798669113015856,0.00016554512505355731,7.0,37.0
146,1702,729,21866,20155,712813,0.037925188308768044,0.001490860210569372,210.0,281.0,0.037925188308768044,0.001490860210569372,210.0,281.0
147,1716,1299,20907,43447,712813,0.02574788091271725,0.0016307679709349004,124.0,287.0,0.02574788091271725,0.0016307679709349004,124.0,287.0
148,1714,1346,54487,20994,712813,0.011587908921707376,0.00024009870525668463,28.0,70.0,0.011587908921707376,0.00024009870525668463,28.0,70.0
149,1705,1169,77282,12700,712813,0.009293401465430376,0.00011934903340609003,16.0,24.0,0.009293401465430376,0.00011934903340609003,16.0,24.0
150,1715,1369,15665,69222,712813,0.03693492714873482,0.0029047904838875806,205.0,330.0,0.03693492714873482,0.0029047904838875806,205.0,330.0
151,1711,877,52661,12371,712813,0.016084427969820406,0.00025703804414713843,55.0,75.0,0.016084427969820406,0.00025703804414713843,55.0,75.0
152,1717,1155,28413,39164,712813,0.029357770656471955,0.0008829608119867731,152.0,215.0,0.029357770656471955,0.0008829608119867731,152.0,215.0
153,1801,280,9331,20034,720422,0.2555357142857143,0.00827428713662945,428.0,391.0,0.2555357142857143,0.00827428713662945,428.0,391.0
154,1809,657,17908,28621,720422,0.06630618859304667,0.0022464295084962333,314.0,309.0,0.06630618859304667,0.0022464295084962333,314.0,309.0
155,1802,621,17551,35877,720423,0.09303212054734844,0.002338750196928069,370.0,312.0,0.09303212054734844,0.002338750196928069,370.0,312.0
156,1808,647,7619,44738,720422,0.10687300081938038,0.012410549740761972,385.0,400.0,0.10687300081938038,0.012410549740761972,385.0,400.0
157,1803,557,8987,28418,720423,0.09159739435098904,0.008919860987835142,364.0,395.0,0.09159739435098904,0.008919860987835142,364.0,395.0
158,1804,793,15313,35379,720422,0.05625992885414464,0.003072319671974301,292.0,334.0,0.05625992885414464,0.003072319671974301,292.0,334.0
159,1805,634,31610,21012,720423,0.052274378290161114,0.0007210055003437276,274.0,188.0,0.052274378290161114,0.0007210055003437276,274.0,188.0
160,1807,363,39160,13124,720423,0.0995985398690132,0.00046978830726147983,377.0,146.0,0.0995985398690132,0.00046978830726147983,377.0,146.0
161,1806,742,14345,39868,720422,0.0724130164703831,0.003500949623024018,326.0,349.0,0.0724130164703831,0.003500949623024018,326.0,349.0
162,1902,813,4114,50161,761624,0.07589009469430488,0.044999951550948665,335.0,424.0,0.07589009469430488,0.044999951550948665,335.0,424.0
163,1904,975,5497,78336,761571,0.08240473372781065,0.025203387932935386,348.0,417.0,0.08240473372781065,0.025203387932935386,348.0,417.0
164,1903,644,3638,40794,761612,0.0983613672312025,0.05754510525238904,374.0,426.0,0.0983613672312025,0.05754510525238904,374.0,426.0
165,1901,929,5506,46716,761548,0.05412952571198819,0.025120302667538723,285.0,416.0,0.05412952571198819,0.025120302667538723,285.0,416.0
166,2004,764,1916,45733,713281,0.07835071681149092,0.19429858874394726,341.0,435.0,0.07835071681149092,0.19429858874394726,341.0,435.0
167,2003,334,8049,14801,713287,0.1326777582559432,0.011009825966409216,404.0,397.0,0.1326777582559432,0.011009825966409216,404.0,397.0
168,2001,1416,3405,114282,713278,0.05699691180695202,0.06152117146547467,293.0,428.0,0.05699691180695202,0.06152117146547467,293.0,428.0
169,2002,1034,6134,63784,713272,0.059658272506537866,0.018956913679482323,300.0,409.0,0.059658272506537866,0.018956913679482323,300.0,409.0
170,2102,1073,27776,26734,723137,0.023220122137112848,0.0009373055232677749,103.0,224.0,0.023220122137112848,0.0009373055232677749,103.0,224.0
171,2103,208,16925,12279,723171,0.28381564349112426,0.0025245480866364555,433.0,320.0,0.28381564349112426,0.0025245480866364555,433.0,320.0
172,2101,1399,17964,43952,723178,0.022456559137257748,0.002240985843628671,96.0,308.0,0.022456559137257748,0.002240985843628671,96.0,308.0
173,2105,820,20614,36746,723228,0.05464901844140393,0.0017019652485141586,288.0,291.0,0.05464901844140393,0.0017019652485141586,288.0,291.0
174,2104,752,20716,22198,723450,0.03925348008148483,0.0016857637716682335,219.0,289.0,0.03925348008148483,0.0016857637716682335,219.0,289.0
175,2106,607,15820,19763,723203,0.053638359718712766,0.0028896634227345884,280.0,329.0,0.053638359718712766,0.0028896634227345884,280.0,329.0
176,2204,1144,17487,46764,755605,0.035732187393026554,0.0024709513968809624,200.0,317.0,0.035732187393026554,0.0024709513968809624,200.0,317.0
177,2206,1264,41024,19472,755607,0.01218755007210383,0.0004489727323346054,33.0,140.0,0.01218755007210383,0.0004489727323346054,33.0,140.0
178,2203,454,9698,31234,755596,0.15153602825593354,0.008033879077188635,415.0,388.0,0.15153602825593354,0.008033879077188635,415.0,388.0
179,2205,1207,28648,47105,755581,0.032333481369723284,0.0009206454529284027,174.0,221.0,0.032333481369723284,0.0009206454529284027,174.0,221.0
180,2202,1397,43090,27155,755538,0.013914160059725077,0.00040691464824980835,44.0,129.0,0.013914160059725077,0.00040691464824980835,44.0,129.0
181,2201,947,31551,32717,755445,0.036481569654185,0.0007588860923382123,202.0,195.0,0.036481569654185,0.0007588860923382123,202.0,195.0
182,2301,591,16915,23749,664180,0.06799396474471843,0.0023213562203394083,317.0,311.0,0.06799396474471843,0.0023213562203394083,317.0,311.0
183,2302,809,13939,45769,664181,0.06993174744568598,0.003418402611141395,321.0,346.0,0.06993174744568598,0.003418402611141395,321.0,346.0
184,2408,873,77450,13107,721514,0.017197875950134427,0.00012028235380413695,64.0,25.0,0.017197875950134427,0.00012028235380413695,64.0,25.0
185,2403,1686,160047,12652,720094,0.004450861114277231,2.8112153559012705e-05,2.0,1.0,0.004450861114277231,2.8112153559012705e-05,2.0,1.0
186,2402,1168,95074,15190,723447,0.011134535091011448,8.0035596812619e-05,26.0,13.0,0.011134535091011448,8.0035596812619e-05,26.0,13.0
187,2401,1158,45275,39022,722650,0.029099960923634042,0.0003525421827039556,147.0,108.0,0.029099960923634042,0.0003525421827039556,147.0,108.0
188,2404,915,100425,11085,720065,0.013240168413508913,7.139832460858876e-05,37.0,10.0,0.013240168413508913,7.139832460858876e-05,37.0,10.0
189,2406,879,44461,20355,728448,0.026344706014824477,0.00036850221471804965,128.0,113.0,0.026344706014824477,0.00036850221471804965,128.0,113.0
190,2405,521,34979,20133,720472,0.07417081428376701,0.0005888468123532367,329.0,171.0,0.07417081428376701,0.0005888468123532367,329.0,171.0
191,2407,1005,72808,13703,716862,0.013566990916066434,0.0001352313416779389,40.0,32.0,0.013566990916066434,0.0001352313416779389,40.0,32.0
192,2506,424,22550,15570,727515,0.08660777856888573,0.0014307009306738904,358.0,276.0,0.08660777856888573,0.0014307009306738904,358.0,276.0
193,2505,726,42143,13293,727515,0.025220271839355234,0.00040962934005492373,121.0,130.0,0.025220271839355234,0.00040962934005492373,121.0,130.0
194,2508,662,40758,14299,727514,0.032627942424767936,0.0004379410196406152,178.0,137.0,0.032627942424767936,0.0004379410196406152,178.0,137.0
195,2501,581,19085,23243,727515,0.06885570311736249,0.0019973658650622545,320.0,301.0,0.06885570311736249,0.0019973658650622545,320.0,301.0
196,2507,710,53632,8357,727514,0.016578059908748263,0.0002529259383579639,58.0,74.0,0.016578059908748263,0.0002529259383579639,58.0,74.0
197,2502,715,27241,20417,727514,0.039937405252090566,0.000980381850533466,223.0,230.0,0.039937405252090566,0.000980381850533466,223.0,230.0
198,2503,620,28368,17131,727514,0.04456555671175858,0.0009040322397216631,241.0,217.0,0.04456555671175858,0.0009040322397216631,241.0,217.0
199,2504,894,49630,15649,727514,0.01957994885115285,0.00029536076537199375,73.0,90.0,0.01957994885115285,0.00029536076537199375,73.0,90.0
200,2509,326,13080,29549,727514,0.27804019722232676,0.004252319295981446,432.0,364.0,0.27804019722232676,0.004252319295981446,432.0,364.0
201,2609,770,47123,11550,705975,0.01948051948051948,0.000317924106656869,71.0,97.0,0.01948051948051948,0.000317924106656869,71.0,97.0
202,2606,497,17100,26110,705974,0.10570465043783829,0.002414329195307958,383.0,314.0,0.10570465043783829,0.002414329195307958,383.0,314.0
203,2604,1073,29015,37542,705974,0.03260753442326216,0.0008385781787210731,177.0,205.0,0.03260753442326216,0.0008385781787210731,177.0,205.0
204,2603,974,36495,20127,705974,0.021215884032061524,0.0005300562636778651,87.0,159.0,0.021215884032061524,0.0005300562636778651,87.0,159.0
205,2612,565,28858,12633,705974,0.03957396820424466,0.0008477274551056425,221.0,208.0,0.03957396820424466,0.0008477274551056425,221.0,208.0
206,2611,812,63194,11350,705974,0.017214079448664127,0.00017678158167446246,65.0,45.0,0.017214079448664127,0.00017678158167446246,65.0,45.0
207,2607,881,29008,24676,705974,0.03179237297416387,0.0008389829467512471,169.0,206.0,0.03179237297416387,0.0008389829467512471,169.0,206.0
208,2602,714,34449,23879,705975,0.04684030474935072,0.0005948891978832577,256.0,172.0,0.04684030474935072,0.0005948891978832577,256.0,172.0
209,2610,526,23688,22312,705974,0.08064306264366985,0.0012581485405053492,345.0,262.0,0.08064306264366985,0.0012581485405053492,345.0,262.0
210,2608,670,41093,15444,705975,0.034404098908442864,0.0004180744487376677,192.0,131.0,0.034404098908442864,0.0004180744487376677,192.0,131.0
211,2613,850,41683,14940,705974,0.020678200692041522,0.00040632240479751276,81.0,128.0,0.020678200692041522,0.00040632240479751276,81.0,128.0
212,2605,674,27880,21371,705975,0.04704408773520943,0.0009082466051472904,257.0,219.0,0.04704408773520943,0.0009082466051472904,257.0,219.0
213,2601,734,6878,74447,705974,0.13818314784429314,0.014923282624152543,408.0,406.0,0.13818314784429314,0.014923282624152543,408.0,406.0
214,2614,972,53676,13450,705974,0.01423605818896171,0.00024503516727071936,46.0,71.0,0.01423605818896171,0.00024503516727071936,46.0,71.0
215,26ZZ,52,0,54,0,0.019970414201183433,,75.0,,0.019970414201183433,,75.0,
216,2703,458,28338,11776,662990,0.05613928033408974,0.0008255979121317558,291.0,202.0,0.05613928033408974,0.0008255979121317558,291.0,202.0
217,2706,858,25487,21083,662990,0.028638998918719197,0.0010206328444273812,142.0,239.0,0.028638998918719197,0.0010206328444273812,142.0,239.0
218,2705,353,21954,11521,662991,0.09245720614080845,0.0013755624539600465,366.0,272.0,0.09245720614080845,0.0013755624539600465,366.0,272.0
219,2702,443,9808,16290,662991,0.08300679239129881,0.006892023008151284,351.0,384.0,0.08300679239129881,0.006892023008151284,351.0,384.0
220,2704,290,15009,12413,662990,0.14759809750297265,0.002943089455363582,413.0,331.0,0.14759809750297265,0.002943089455363582,413.0,331.0
221,2708,842,12684,59996,662991,0.08462488927505486,0.004120929324319527,356.0,362.0,0.08462488927505486,0.004120929324319527,356.0,362.0
222,2701,942,7439,45479,662991,0.051251797458540124,0.011980598539673513,270.0,399.0,0.051251797458540124,0.011980598539673513,270.0,399.0
223,2707,1335,12407,81219,662991,0.04557168707654757,0.004306992033950939,248.0,365.0,0.04557168707654757,0.004306992033950939,248.0,365.0
224,2804,492,7551,36325,741776,0.15006361953863442,0.013009596808536368,414.0,402.0,0.15006361953863442,0.013009596808536368,414.0,402.0
225,2802,1108,16406,55366,741862,0.045098658916446197,0.0027562443184612263,245.0,326.0,0.045098658916446197,0.0027562443184612263,245.0,326.0
226,2801,783,15126,38587,741837,0.06293865980306285,0.0032423530221322694,306.0,340.0,0.06293865980306285,0.0032423530221322694,306.0,340.0
227,2803,1202,21406,41500,741822,0.028723619259082893,0.0016189322209889294,145.0,284.0,0.028723619259082893,0.0016189322209889294,145.0,284.0
228,2908,933,11303,70208,748616,0.08065351773543376,0.00585964964380377,346.0,376.0,0.08065351773543376,0.00585964964380377,346.0,376.0
229,2903,1137,44033,37808,748615,0.029245750787650383,0.00038610193157319626,150.0,118.0,0.029245750787650383,0.00038610193157319626,150.0,118.0
230,2904,1390,18369,64169,748616,0.033212049065783344,0.002218646324455995,183.0,307.0,0.033212049065783344,0.002218646324455995,183.0,307.0
231,2902,764,47305,14231,748616,0.024380842082179766,0.0003345376573106976,114.0,101.0,0.024380842082179766,0.0003345376573106976,114.0,101.0
232,2905,854,25032,24472,748616,0.0335547279917073,0.001194725146188079,185.0,258.0,0.0335547279917073,0.001194725146188079,185.0,258.0
233,2906,1281,16842,68984,748616,0.04203878093385522,0.002639196817982131,236.0,323.0,0.04203878093385522,0.002639196817982131,236.0,323.0
234,2907,682,9413,45739,748616,0.0983372176021878,0.00844895481631427,373.0,393.0,0.0983372176021878,0.00844895481631427,373.0,393.0
235,2901,441,20434,17954,748616,0.09231750145258406,0.0017928845587407846,365.0,293.0,0.09231750145258406,0.0017928845587407846,365.0,293.0
236,3000,881,3420,132288,989415,0.170438865132363,0.08459141274238227,419.0,432.0,0.170438865132363,0.08459141274238227,419.0,432.0
237,3102,241,4022,15399,608781,0.26512973261479655,0.03763370334369323,430.0,423.0,0.26512973261479655,0.03763370334369323,430.0,423.0
238,3101,880,6441,47495,608780,0.061331353305785125,0.014674177836389642,304.0,405.0,0.061331353305785125,0.014674177836389642,304.0,405.0
239,3103,1684,3275,130458,608780,0.046003041057091756,0.056759396305576595,251.0,425.0,0.046003041057091756,0.056759396305576595,251.0,425.0
240,3202,652,2630,41038,675138,0.09653637698069178,0.09760702048605589,372.0,434.0,0.09653637698069178,0.09760702048605589,372.0,434.0
241,3203,272,21279,9690,675138,0.13097426470588236,0.0014910428472773892,403.0,282.0,0.13097426470588236,0.0014910428472773892,403.0,282.0
242,3201,228,38982,5955,675138,0.1145544783010157,0.00044428772914036085,394.0,138.0,0.1145544783010157,0.00044428772914036085,394.0,138.0
243,3204,607,25599,27855,675137,0.07560069371880504,0.0010302577944470489,333.0,240.0,0.07560069371880504,0.0010302577944470489,333.0,240.0
244,3301,672,26760,20915,658233,0.046314749858276646,0.0009191945343763197,254.0,220.0,0.046314749858276646,0.0009191945343763197,254.0,220.0
245,3302,912,30317,27922,658237,0.03357042551554324,0.000716159641611471,186.0,187.0,0.03357042551554324,0.000716159641611471,186.0,187.0
246,3407,722,36701,14958,732658,0.028694531196046685,0.0005439331161158996,144.0,164.0,0.028694531196046685,0.0005439331161158996,144.0,164.0
247,3412,673,39031,12031,732658,0.026562662139099063,0.0004809300781704003,131.0,150.0,0.026562662139099063,0.0004809300781704003,131.0,150.0
248,3405,708,40313,15192,732658,0.03030738293593795,0.00045082818442229136,157.0,141.0,0.03030738293593795,0.00045082818442229136,157.0,141.0
249,3411,596,46386,13037,732658,0.03670161253997568,0.000340508101119104,203.0,102.0,0.03670161253997568,0.000340508101119104,203.0,102.0
250,3403,577,18292,19115,732658,0.057414643963127274,0.0021896712221771185,296.0,306.0,0.057414643963127274,0.0021896712221771185,296.0,306.0
251,3410,711,63585,7582,732658,0.014998387801891513,0.00018121408263530408,50.0,50.0,0.014998387801891513,0.00018121408263530408,50.0,50.0
252,3406,602,41798,12754,732657,0.03519276829174071,0.00041936260373497293,196.0,132.0,0.03519276829174071,0.00041936260373497293,196.0,132.0
253,3402,462,15456,28683,732658,0.13438185191431945,0.0030669526986913226,406.0,333.0,0.13438185191431945,0.0030669526986913226,406.0,333.0
254,3401,371,17686,14951,732658,0.10862315734410531,0.002342297499282884,387.0,313.0,0.10862315734410531,0.002342297499282884,387.0,313.0
255,3404,696,38292,17061,732657,0.035219728497820055,0.0004996715273353649,197.0,155.0,0.035219728497820055,0.0004996715273353649,197.0,155.0
256,3409,528,39823,8873,732658,0.0318275080348944,0.0004619908227119478,170.0,143.0,0.0318275080348944,0.0004619908227119478,170.0,143.0
257,3408,612,55567,5351,732658,0.014286705967790166,0.00023728342116112236,47.0,69.0,0.014286705967790166,0.00023728342116112236,47.0,69.0
258,3501,668,14317,17339,686393,0.03885716590770555,0.003348642585052767,216.0,344.0,0.03885716590770555,0.003348642585052767,216.0,344.0
259,3503,1424,13436,78270,686393,0.03859893794975382,0.003802181597058411,214.0,356.0,0.03859893794975382,0.003802181597058411,214.0,356.0
260,3502,1169,10010,73000,686393,0.053418764328851766,0.006850222704368559,278.0,383.0,0.053418764328851766,0.006850222704368559,278.0,383.0
261,3619,1002,30644,38279,717708,0.038126342126126984,0.0007642877166640475,211.0,196.0,0.038126342126126984,0.0007642877166640475,211.0,196.0
262,3606,352,48652,4330,717707,0.034946410123966945,0.0003032115816937502,195.0,91.0,0.034946410123966945,0.0003032115816937502,195.0,91.0
263,3617,421,29387,12058,717708,0.06803166310278096,0.0008310693796370371,318.0,203.0,0.06803166310278096,0.0008310693796370371,318.0,203.0
264,3618,563,32242,17035,717707,0.05374342601326944,0.000690403898059539,283.0,185.0,0.05374342601326944,0.000690403898059539,283.0,185.0
265,3611,204,45391,6140,717708,0.14753940792003076,0.0003483439609098734,412.0,106.0,0.14753940792003076,0.0003483439609098734,412.0,106.0
266,3610,469,138806,2277,717707,0.010351835098040107,3.72503796656923e-05,22.0,2.0,0.010351835098040107,3.72503796656923e-05,22.0,2.0
267,3622,828,14974,29206,717708,0.04260017736703307,0.0032009001703304112,237.0,338.0,0.04260017736703307,0.0032009001703304112,237.0,338.0
268,3625,172,9247,10511,717707,0.3552934018388318,0.008393545843709724,435.0,392.0,0.3552934018388318,0.008393545843709724,435.0,392.0
269,3615,117,26657,2406,717708,0.175761560376945,0.001010008998802637,420.0,235.0,0.175761560376945,0.001010008998802637,420.0,235.0
270,3623,844,13359,38098,717707,0.05348318770917095,0.004021603797822809,279.0,359.0,0.05348318770917095,0.004021603797822809,279.0,359.0
271,3602,329,17205,12370,717708,0.11428201882835524,0.0024245906901924,393.0,316.0,0.11428201882835524,0.0024245906901924,393.0,316.0
272,3601,215,12041,16064,717707,0.3475175770686858,0.004950192288299146,434.0,367.0,0.3475175770686858,0.004950192288299146,434.0,367.0
273,3616,290,22965,7351,717707,0.08740784780023782,0.001360862612001176,362.0,270.0,0.08740784780023782,0.001360862612001176,362.0,270.0
274,3605,352,41120,6355,717708,0.05128970816115702,0.0004244646966645975,271.0,133.0,0.05128970816115702,0.0004244646966645975,271.0,133.0
275,3614,322,59071,3677,717708,0.035463523783804636,0.0002056833519183714,198.0,58.0,0.035463523783804636,0.0002056833519183714,198.0,58.0
276,3607,588,132837,2822,717708,0.008162108380767273,4.06733242888214e-05,12.0,3.0,0.008162108380767273,4.06733242888214e-05,12.0,3.0
277,3620,475,14917,17244,717708,0.07642770083102493,0.003225409105912855,337.0,339.0,0.07642770083102493,0.003225409105912855,337.0,339.0
278,3627,591,25534,20554,717707,0.05884660201957736,0.0011008026691945116,299.0,246.0,0.05884660201957736,0.0011008026691945116,299.0,246.0
279,3612,291,90579,2428,717707,0.02867231138035687,8.747664911968139e-05,143.0,15.0,0.02867231138035687,8.747664911968139e-05,143.0,15.0
280,3613,164,60153,1538,717707,0.057183224271267104,0.0001983501798661934,295.0,54.0,0.057183224271267104,0.0001983501798661934,295.0,54.0
281,3621,700,11277,41041,717707,0.08375714285714286,0.005643649333802278,355.0,374.0,0.08375714285714286,0.005643649333802278,355.0,374.0
282,3603,391,27200,11384,717707,0.07446314453725447,0.0009700840722318339,331.0,228.0,0.07446314453725447,0.0009700840722318339,331.0,228.0
283,3609,313,80072,2328,717708,0.02376261878757566,0.00011194029180311802,109.0,21.0,0.02376261878757566,0.00011194029180311802,109.0,21.0
284,3626,252,18566,9930,717707,0.15636810279667424,0.0020821426960486926,416.0,304.0,0.15636810279667424,0.0020821426960486926,416.0,304.0
285,3604,351,20260,11444,717708,0.09288885642161995,0.0017485131591385044,369.0,292.0,0.09288885642161995,0.0017485131591385044,369.0,292.0
286,3608,404,81760,3468,717708,0.02124791687089501,0.00010736581412448634,88.0,19.0,0.02124791687089501,0.00010736581412448634,88.0,19.0
287,3624,407,9797,19831,717707,0.11971699195286419,0.007477578241382644,398.0,387.0,0.11971699195286419,0.007477578241382644,398.0,387.0
288,3701,2257,101057,24578,733499,0.004824845618878028,7.182352618026897e-05,4.0,11.0,0.004824845618878028,7.182352618026897e-05,4.0,11.0
289,3702,1197,63926,20010,733499,0.013965573918086779,0.00017949173897823222,45.0,48.0,0.013965573918086779,0.00017949173897823222,45.0,48.0
290,3709,969,73496,12766,733498,0.013595878849068278,0.00013579116905636473,41.0,33.0,0.013595878849068278,0.00013579116905636473,41.0,33.0
291,3705,1396,51121,23257,733499,0.011933912693656045,0.0002806731345015837,31.0,86.0,0.011933912693656045,0.0002806731345015837,31.0,86.0
292,3704,1461,95190,13469,733498,0.006310080809699225,8.094989324793389e-05,9.0,14.0,0.006310080809699225,8.094989324793389e-05,9.0,14.0
293,3710,847,28102,23492,733499,0.032745616517216816,0.0009288061175481099,181.0,222.0,0.032745616517216816,0.0009288061175481099,181.0,222.0
294,3711,890,30763,38585,733499,0.04871228380255018,0.0007750721912046339,264.0,198.0,0.04871228380255018,0.0007750721912046339,264.0,198.0
295,3712,1726,114727,13597,733499,0.004564166875903804,5.572733201321605e-05,3.0,5.0,0.004564166875903804,5.572733201321605e-05,3.0,5.0
296,3703,1305,47213,28074,733499,0.016484784427709516,0.00032906093831029475,57.0,99.0,0.016484784427709516,0.00032906093831029475,57.0,99.0
297,3706,1652,60448,21881,733499,0.008017649748782017,0.00020074080139861295,11.0,56.0,0.008017649748782017,0.00020074080139861295,11.0,56.0
298,3708,899,45341,26449,733499,0.03272576995079195,0.0003567938315876757,180.0,109.0,0.03272576995079195,0.0003567938315876757,180.0,109.0
299,3713,1645,96146,15135,733498,0.005593074712909156,7.934809276039446e-05,5.0,12.0,0.005593074712909156,7.934809276039446e-05,5.0,12.0
300,3707,1044,42723,27694,733498,0.025408831344225717,0.00040186062161409145,123.0,124.0,0.025408831344225717,0.00040186062161409145,123.0,124.0
301,3800,908,4579,133769,672591,0.1622496555337771,0.03207818329555138,418.0,420.0,0.1622496555337771,0.03207818329555138,418.0,420.0
302,3911,816,63791,11058,721032,0.016607194348327567,0.00017718857642144036,59.0,46.0,0.016607194348327567,0.00017718857642144036,59.0,46.0
303,3904,1404,35570,35903,721032,0.018213630571180427,0.0005698844529537792,69.0,168.0,0.018213630571180427,0.0005698844529537792,69.0,168.0
304,3903,1048,76567,13084,721031,0.011912913000407902,0.00012299024731881152,30.0,28.0,0.011912913000407902,0.00012299024731881152,30.0,28.0
305,3906,1490,25532,45564,721032,0.020523399846853745,0.0011060757428160914,78.0,248.0,0.020523399846853745,0.0011060757428160914,78.0,248.0
306,3910,371,9942,16963,721032,0.12324089479152288,0.007294693045857889,400.0,386.0,0.12324089479152288,0.007294693045857889,400.0,386.0
307,3912,1259,48122,24446,721031,0.015422555692737469,0.0003113627107677522,52.0,95.0,0.015422555692737469,0.0003113627107677522,52.0,95.0
308,3901,800,65538,11050,721032,0.017265625,0.0001678680986430675,66.0,40.0,0.017265625,0.0001678680986430675,66.0,40.0
309,3914,594,42560,14333,721032,0.04062227210375358,0.00039806253179942337,229.0,123.0,0.04062227210375358,0.00039806253179942337,229.0,123.0
310,3907,1579,57202,36853,721031,0.014781162350530895,0.00022035936381244872,48.0,62.0,0.014781162350530895,0.00022035936381244872,48.0,62.0
311,3905,1077,28842,40030,721031,0.03451073298451888,0.0008667686442851284,193.0,211.0,0.03451073298451888,0.0008667686442851284,193.0,211.0
312,3915,1741,48410,26924,721031,0.008882639559945775,0.0003076690226159439,13.0,94.0,0.008882639559945775,0.0003076690226159439,13.0,94.0
313,3909,822,57119,14075,721032,0.020830743365241742,0.00022100054693491406,82.0,63.0,0.020830743365241742,0.00022100054693491406,82.0,63.0
314,3913,1371,65736,18966,721031,0.010090224675882256,0.00016685813659304556,20.0,38.0,0.010090224675882256,0.00016685813659304556,20.0,38.0
315,3916,1114,83575,13280,721031,0.010701082034108087,0.00010322886840844769,23.0,18.0,0.010701082034108087,0.00010322886840844769,23.0,18.0
316,3902,881,38763,19365,721031,0.024949720483250254,0.00047986511037941416,119.0,149.0,0.024949720483250254,0.00047986511037941416,119.0,149.0
317,3908,759,25886,23450,721032,0.04070608126287796,0.0010760306592508752,230.0,245.0,0.04070608126287796,0.0010760306592508752,230.0,245.0
318,4002,1353,14263,82198,750270,0.044901997094955834,0.003688041648704789,244.0,354.0,0.044901997094955834,0.003688041648704789,244.0,354.0
319,4003,1518,20446,99692,750270,0.043263013360968335,0.0017947372153266229,239.0,294.0,0.043263013360968335,0.0017947372153266229,239.0,294.0
320,4001,680,13916,21828,750270,0.047205882352941174,0.0038742598076034742,259.0,357.0,0.047205882352941174,0.0038742598076034742,259.0,357.0
321,4004,723,27139,43673,750270,0.08354807175419768,0.001018661515915486,354.0,238.0,0.08354807175419768,0.001018661515915486,354.0,238.0
322,4005,557,22621,21727,750271,0.07003084619128506,0.0014662045423529551,322.0,279.0,0.07003084619128506,0.0014662045423529551,322.0,279.0
323,4104,604,6172,49457,766214,0.13556697074689705,0.020113990849482684,407.0,410.0,0.13556697074689705,0.020113990849482684,407.0,410.0
324,4102,754,6384,80440,766215,0.14149118054724932,0.01880030492113743,409.0,408.0,0.14149118054724932,0.01880030492113743,409.0,408.0
325,4105,999,21512,27311,766214,0.027365704042380718,0.0016557261371307232,135.0,288.0,0.027365704042380718,0.0016557261371307232,135.0,288.0
326,4103,482,25727,18458,766215,0.07944938964549508,0.0011576368871757132,342.0,253.0,0.07944938964549508,0.0011576368871757132,342.0,253.0
327,4101,625,16961,20955,766216,0.0536448,0.002663473059287516,281.0,324.0,0.0536448,0.002663473059287516,281.0,324.0
328,4204,586,16633,22045,705687,0.06419702034968375,0.0025507678941390066,311.0,322.0,0.06419702034968375,0.0025507678941390066,311.0,322.0
329,4203,915,30347,29048,705688,0.034695571680253216,0.0007662689063305072,194.0,197.0,0.034695571680253216,0.0007662689063305072,194.0,197.0
330,4215,811,26478,24372,705687,0.03705522554396165,0.0010065648521755048,207.0,234.0,0.03705522554396165,0.0010065648521755048,207.0,234.0
331,4214,848,42402,20322,705688,0.028260168209327162,0.00039250035064220456,141.0,120.0,0.028260168209327162,0.00039250035064220456,141.0,120.0
332,4210,1494,31474,45327,705687,0.020307468159115712,0.0007123742882531013,77.0,186.0,0.020307468159115712,0.0007123742882531013,77.0,186.0
333,4206,1303,55084,16602,705688,0.009778485094613116,0.00023257433787553784,19.0,64.0,0.009778485094613116,0.00023257433787553784,19.0,64.0
334,4217,1244,35248,26261,705687,0.016969556766369246,0.0005679932275222435,62.0,167.0,0.016969556766369246,0.0005679932275222435,62.0,167.0
335,4213,902,76344,9721,705687,0.01194807301832341,0.0001210771794754977,32.0,26.0,0.01194807301832341,0.0001210771794754977,32.0,26.0
336,4211,1214,28080,33443,705688,0.022691742954927277,0.0008949907062442675,99.0,216.0,0.022691742954927277,0.0008949907062442675,99.0,216.0
337,4209,1323,24259,40903,705688,0.0233687495322308,0.0011991318640648821,105.0,259.0,0.0233687495322308,0.0011991318640648821,105.0,259.0
338,4218,1039,38773,21754,705688,0.020151530169399207,0.0004694117130008107,76.0,145.0,0.020151530169399207,0.0004694117130008107,76.0,145.0
339,4216,973,29651,17784,705688,0.01878467861447151,0.0008026644764454127,70.0,199.0,0.01878467861447151,0.0008026644764454127,70.0,199.0
340,4205,1152,23134,43154,705688,0.032517421392746916,0.0013185945304927283,176.0,267.0,0.032517421392746916,0.0013185945304927283,176.0,267.0
341,4202,552,40239,8954,705688,0.02938589582020584,0.00043583125703021837,153.0,136.0,0.02938589582020584,0.00043583125703021837,153.0,136.0
342,4212,1204,37690,23667,705688,0.016326392644672796,0.000496775829913791,56.0,152.0,0.016326392644672796,0.000496775829913791,56.0,152.0
343,4201,973,63431,10638,705688,0.011236584069992575,0.00017539193365332208,27.0,44.0,0.011236584069992575,0.00017539193365332208,27.0,44.0
344,4207,1829,109210,13815,705688,0.004129747303706968,5.91681401589548e-05,1.0,6.0,0.004129747303706968,5.91681401589548e-05,1.0,6.0
345,4208,397,22034,13735,705688,0.08714603861454612,0.0014535368359603737,360.0,277.0,0.08714603861454612,0.0014535368359603737,360.0,277.0
346,4402,432,16268,13727,526284,0.07355431241426612,0.001988620167154671,328.0,300.0,0.07355431241426612,0.001988620167154671,328.0,300.0
347,4401,540,22980,11454,526283,0.0392798353909465,0.0009965963516161554,220.0,232.0,0.0392798353909465,0.0009965963516161554,220.0,232.0
348,4505,933,25019,26768,660766,0.03075053217214692,0.001055620447193895,160.0,243.0,0.03075053217214692,0.001055620447193895,160.0,243.0
349,4507,534,10998,28369,660767,0.09948589543968915,0.005462870615335473,376.0,372.0,0.09948589543968915,0.005462870615335473,376.0,372.0
350,4506,1644,42970,35162,660766,0.013009779719513856,0.0003578631502708835,36.0,110.0,0.013009779719513856,0.0003578631502708835,36.0,110.0
351,4502,958,31953,23675,660766,0.025796392100801514,0.0006471789890436097,126.0,178.0,0.025796392100801514,0.0006471789890436097,126.0,178.0
352,4503,590,16511,28647,660767,0.08229531743751796,0.0024238268414087084,347.0,315.0,0.08229531743751796,0.0024238268414087084,347.0,315.0
353,4504,415,14586,17791,660766,0.10330091450137902,0.0031058127580981887,382.0,335.0,0.10330091450137902,0.0031058127580981887,382.0,335.0
354,4501,667,29722,21496,660766,0.0483176702503321,0.0007479828294332858,263.0,194.0,0.0483176702503321,0.0007479828294332858,263.0,194.0
355,4600,977,5207,88360,814180,0.09256921476455927,0.030029304555932133,367.0,418.0,0.09256921476455927,0.030029304555932133,367.0,418.0
356,4707,1264,30844,38898,705123,0.02434630868450569,0.0007411796590154166,113.0,192.0,0.02434630868450569,0.0007411796590154166,113.0,192.0
357,4706,865,22368,28596,705123,0.038218450332453476,0.0014093231075816464,212.0,274.0,0.038218450332453476,0.0014093231075816464,212.0,274.0
358,4709,363,27036,13348,705123,0.10129848446903293,0.0009646727379718988,380.0,226.0,0.10129848446903293,0.0009646727379718988,380.0,226.0
359,4701,623,26616,32166,705123,0.08287450821762868,0.000995357985853916,350.0,231.0,0.08287450821762868,0.000995357985853916,350.0,231.0
360,4704,1119,24975,30673,705123,0.024496051226639386,0.001130456582708835,115.0,251.0,0.024496051226639386,0.001130456582708835,115.0,251.0
361,4702,800,19276,21925,705123,0.0342578125,0.0018977152415253294,191.0,298.0,0.0342578125,0.0018977152415253294,191.0,298.0
362,4705,430,18365,14420,705123,0.07798810167658193,0.0020906581007134497,340.0,305.0,0.07798810167658193,0.0020906581007134497,340.0,305.0
363,4708,799,27474,30624,705122,0.04796984967128811,0.0009341583006663691,261.0,223.0,0.04796984967128811,0.0009341583006663691,261.0,223.0
364,4703,1067,28866,29466,705122,0.025881672989374514,0.0008462351301228517,127.0,207.0,0.025881672989374514,0.0008462351301228517,127.0,207.0
365,4835,1462,105957,12956,698488,0.006061445352486428,6.221564994910994e-05,8.0,7.0,0.006061445352486428,6.221564994910994e-05,8.0,7.0
366,4801,778,10446,32837,698488,0.054250566676138805,0.006401163296013681,286.0,380.0,0.054250566676138805,0.006401163296013681,286.0,380.0
367,4806,935,38472,18826,698498,0.02153450198747462,0.0004719278843158196,89.0,147.0,0.02153450198747462,0.0004719278843158196,89.0,147.0
368,4814,490,18513,27630,698472,0.11507705122865473,0.002037958794462607,395.0,302.0,0.11507705122865473,0.002037958794462607,395.0,302.0
369,4802,1117,82554,11434,698488,0.009164142666962681,0.0001024902865286104,15.0,17.0,0.009164142666962681,0.0001024902865286104,15.0,17.0
370,4834,1117,19228,29940,698487,0.023996364478648124,0.0018892529136635867,111.0,297.0,0.023996364478648124,0.0018892529136635867,111.0,297.0
371,4813,1142,7439,76101,698488,0.05835232378749912,0.01262204813154247,297.0,401.0,0.05835232378749912,0.01262204813154247,297.0,401.0
372,4827,870,16660,34286,698487,0.04529792574976879,0.0025165660501895834,247.0,319.0,0.04529792574976879,0.0025165660501895834,247.0,319.0
373,4836,865,26218,34165,698488,0.04566139864345618,0.00101615470201465,249.0,237.0,0.04566139864345618,0.00101615470201465,249.0,237.0
374,4803,463,20280,14623,698488,0.06821415409877361,0.0016983337807188513,319.0,290.0,0.06821415409877361,0.0016983337807188513,319.0,290.0
375,4808,653,43954,19111,698488,0.0448184724056012,0.00036154481838635965,243.0,111.0,0.0448184724056012,0.00036154481838635965,243.0,111.0
376,4816,300,11744,14089,698488,0.15654444444444446,0.005064386753929423,417.0,369.0,0.15654444444444446,0.005064386753929423,417.0,369.0
377,4821,1502,116176,20978,698488,0.009298742378116351,5.17518775468081e-05,17.0,4.0,0.009298742378116351,5.17518775468081e-05,17.0,4.0
378,4820,622,78044,8455,698488,0.02185409580132546,0.00011467794683701605,91.0,22.0,0.02185409580132546,0.00011467794683701605,91.0,22.0
379,4830,838,47650,14452,698487,0.02057974151434544,0.0003076327144963329,80.0,93.0,0.02057974151434544,0.0003076327144963329,80.0,93.0
380,4833,1424,83026,13111,698488,0.006465704298699659,0.00010132829127550152,10.0,16.0,0.006465704298699659,0.00010132829127550152,10.0,16.0
381,4817,809,36661,26198,698487,0.04002866393371236,0.0005196964061460103,225.0,158.0,0.04002866393371236,0.0005196964061460103,225.0,158.0
382,4828,1004,42623,24435,698488,0.02424068665576737,0.0003844774926253927,112.0,117.0,0.02424068665576737,0.0003844774926253927,112.0,117.0
383,4805,1073,43211,25589,698488,0.02222561926260869,0.0003740850181833159,92.0,115.0,0.02222561926260869,0.0003740850181833159,92.0,115.0
384,4811,1601,9223,63926,698488,0.024939909121446193,0.008211349398990021,118.0,389.0,0.024939909121446193,0.008211349398990021,118.0,389.0
385,4823,1531,62269,65914,698488,0.0281207750470251,0.00018014207742057624,140.0,49.0,0.0281207750470251,0.00018014207742057624,140.0,49.0
386,4812,912,36144,18509,698488,0.02225324138196368,0.0005346708684420255,93.0,161.0,0.02225324138196368,0.0005346708684420255,93.0,161.0
387,4818,1266,63518,15186,698488,0.00947492943404985,0.0001731272056828308,18.0,42.0,0.00947492943404985,0.0001731272056828308,18.0,42.0
388,4804,1175,21743,40247,698488,0.029151290176550475,0.001477474580237131,148.0,280.0,0.029151290176550475,0.001477474580237131,148.0,280.0
389,4826,470,24559,14805,698488,0.06702127659574468,0.0011580774126324137,316.0,254.0,0.06702127659574468,0.0011580774126324137,316.0,254.0
390,4832,958,51878,12488,698488,0.013606983930509369,0.00025953294791224624,42.0,77.0,0.013606983930509369,0.00025953294791224624,42.0,77.0
391,4831,583,20743,17468,698487,0.05139324897245866,0.0016233613166910593,272.0,285.0,0.05139324897245866,0.0016233613166910593,272.0,285.0
392,4824,725,49967,13216,698488,0.025143400713436386,0.00027976436709921263,120.0,84.0,0.025143400713436386,0.00027976436709921263,120.0,84.0
393,4807,649,65262,9870,698488,0.023432992799162396,0.00016399786397247877,106.0,35.0,0.023432992799162396,0.00016399786397247877,106.0,35.0
394,4822,688,44905,14657,698504,0.0309647951595457,0.0003464012862845056,163.0,105.0,0.0309647951595457,0.0003464012862845056,163.0,105.0
395,4825,1488,72472,28702,698478,0.012963023181870736,0.0001329879337452491,35.0,31.0,0.012963023181870736,0.0001329879337452491,35.0,31.0
396,4810,1328,105291,23706,698487,0.013441945492814631,6.300511763491735e-05,38.0,8.0,0.013441945492814631,6.300511763491735e-05,38.0,8.0
397,4815,1327,50491,23874,698488,0.013557616462673963,0.00027398766104926703,39.0,82.0,0.013557616462673963,0.00027398766104926703,39.0,82.0
398,4819,1373,2795,68620,698487,0.03640069194203686,0.08941177223575193,201.0,433.0,0.03640069194203686,0.08941177223575193,201.0,433.0
399,4809,645,53160,9937,698488,0.02388558379905054,0.000247166156826843,110.0,72.0,0.02388558379905054,0.000247166156826843,110.0,72.0
400,4829,969,49943,13890,698488,0.0147929466719065,0.0002800333120201136,49.0,85.0,0.0147929466719065,0.0002800333120201136,49.0,85.0
401,4904,664,24654,17751,690971,0.040261195383945424,0.0011368025449177762,227.0,252.0,0.040261195383945424,0.0011368025449177762,227.0,252.0
402,4901,589,4660,30356,690971,0.08750118903150861,0.03181910700141834,363.0,419.0,0.08750118903150861,0.03181910700141834,363.0,419.0
403,4902,757,13716,40454,690971,0.07059431217923773,0.0036728641701453497,324.0,353.0,0.07059431217923773,0.0036728641701453497,324.0,353.0
404,4903,755,13045,26845,690972,0.04709442568308408,0.004060432377178329,258.0,361.0,0.04709442568308408,0.004060432377178329,258.0,361.0
405,5000,532,6766,32580,625741,0.1151139126010515,0.013668807426746152,396.0,403.0,0.1151139126010515,0.013668807426746152,396.0,403.0
406,5108,273,31227,7512,727366,0.10079297991385903,0.0007459203747295185,379.0,193.0,0.10079297991385903,0.0007459203747295185,379.0,193.0
407,5111,578,79639,7466,727366,0.022347673040313213,0.00011468362192469966,95.0,23.0,0.022347673040313213,0.00011468362192469966,95.0,23.0
408,5102,783,37747,19324,708087,0.03151907798052159,0.0004969603487891637,166.0,153.0,0.03151907798052159,0.0004969603487891637,166.0,153.0
409,5105,1743,28703,48366,727365,0.015920085554907114,0.0008828721502869663,54.0,214.0,0.015920085554907114,0.0008828721502869663,54.0,214.0
410,5109,1527,31386,52693,727366,0.022598252198261462,0.0007383819228606863,97.0,191.0,0.022598252198261462,0.0007383819228606863,97.0,191.0
411,5107,811,33593,21016,727366,0.03195275808435492,0.0006445482248282456,173.0,176.0,0.03195275808435492,0.0006445482248282456,173.0,176.0
412,5106,1088,26103,35796,727366,0.030239646410034602,0.0010675104861206958,156.0,244.0,0.030239646410034602,0.0010675104861206958,156.0,244.0
413,5103,1152,53058,21005,746645,0.015827697000385804,0.0002652237494395701,53.0,79.0,0.015827697000385804,0.0002652237494395701,53.0,79.0
414,5101,956,44380,28909,727366,0.031631317729031355,0.000369299228811926,167.0,114.0,0.031631317729031355,0.000369299228811926,167.0,114.0
415,5110,890,55583,15531,727365,0.01960737280646383,0.00023543359415470258,74.0,67.0,0.01960737280646383,0.00023543359415470258,74.0,67.0
416,5104,1028,33094,28144,727366,0.026631743099819832,0.0006641320993429262,132.0,181.0,0.026631743099819832,0.0006641320993429262,132.0,181.0
417,5307,359,22785,11938,672457,0.09262808327061398,0.0012952883305983665,368.0,265.0,0.09262808327061398,0.0012952883305983665,368.0,265.0
418,5309,617,41458,11122,672460,0.02921544883093549,0.0003912458661237332,149.0,119.0,0.02921544883093549,0.0003912458661237332,149.0,119.0
419,5301,747,35354,17182,672444,0.030791618056339592,0.0005379959516869517,162.0,162.0,0.030791618056339592,0.0005379959516869517,162.0,162.0
420,5308,792,50440,20469,672463,0.03263219314355678,0.0002643128258792884,179.0,78.0,0.03263219314355678,0.0002643128258792884,179.0,78.0
421,5304,572,5302,30671,672456,0.09374235903956184,0.023921280639562788,371.0,414.0,0.09374235903956184,0.023921280639562788,371.0,414.0
422,5302,558,38783,13459,672454,0.043225934918616156,0.00044707437779964535,238.0,139.0,0.043225934918616156,0.00044707437779964535,238.0,139.0
423,5306,405,14231,22030,672448,0.1343087943910989,0.0033203806091348558,405.0,343.0,0.1343087943910989,0.0033203806091348558,405.0,343.0
424,5310,593,41127,12547,672455,0.0356804654641418,0.0003975659345725182,199.0,122.0,0.0356804654641418,0.0003975659345725182,199.0,122.0
425,5305,524,3411,34293,672455,0.12489438261173591,0.05779626694500117,402.0,427.0,0.12489438261173591,0.05779626694500117,402.0,427.0
426,5303,439,5569,21863,672448,0.1134437866138096,0.021682246148733784,392.0,411.0,0.1134437866138096,0.021682246148733784,392.0,411.0
427,5401,1227,12972,44374,615991,0.02947402540900906,0.0036606692143394976,155.0,352.0,0.02947402540900906,0.0036606692143394976,155.0,352.0
428,5403,1207,12800,48564,616141,0.03333495784394951,0.003760626220703125,184.0,355.0,0.03333495784394951,0.003760626220703125,184.0,355.0
429,5402,1413,21557,42280,620862,0.02117632799066799,0.0013360368478145764,85.0,268.0,0.02117632799066799,0.0013360368478145764,85.0,268.0
430,5506,928,22072,31740,710873,0.03685623513674197,0.0014591792474357539,204.0,278.0,0.03685623513674197,0.0014591792474357539,204.0,278.0
431,5501,595,25354,18758,710874,0.0529849586893581,0.0011058587493464555,277.0,247.0,0.0529849586893581,0.0011058587493464555,277.0,247.0
432,5507,1185,12335,65393,710873,0.0465687478858445,0.004672117019649236,255.0,366.0,0.0465687478858445,0.004672117019649236,255.0,366.0
433,5504,563,43126,9616,710873,0.030337351602207154,0.0003822202236496817,158.0,116.0,0.030337351602207154,0.0003822202236496817,158.0,116.0
434,5508,613,10938,32829,710873,0.08736484382692558,0.0059417747151191535,361.0,377.0,0.08736484382692558,0.0059417747151191535,361.0,377.0
435,5502,660,9291,27505,710874,0.06314279155188246,0.008235077870206556,309.0,390.0,0.06314279155188246,0.008235077870206556,309.0,390.0
436,5505,1044,46407,19564,710873,0.017949677779245755,0.0003300844237627206,68.0,100.0,0.017949677779245755,0.0003300844237627206,68.0,100.0
437,5503,1276,15102,47691,710873,0.029291059443205158,0.0031169015686927973,151.0,336.0,0.029291059443205158,0.0031169015686927973,151.0,336.0
438,5600,891,2703,86204,563626,0.108585543677201,0.07714342691264375,386.0,431.0,0.108585543677201,0.07714342691264375,386.0,431.0
